Ex7-GeometricTransformationsAndRegistration,2026-01-1 00:00
ex1-IntroductionToImageAnalysis,2026-01-2 00:00
ex1b-PCA,2026-01-3 00:00
ex2-CamerasAndLenses,2026-01-4 00:00
ex2b-ChangeDetectionInVideos,2026-01-5 00:00
ex3-PixelwiseOperations,2026-01-6 00:00
ex4-ImageFiltering,2026-01-7 00:00
ex4b-ImageMorphology,2026-01-8 00:00
ex5-BLOBAnalysis,2026-01-9 00:00
ex6-PixelClassificationAndObjectSegmentation,2026-01-10 00:00
ex6b-AdvancedPixelClassification,2026-01-11 00:00
ex8-CatsCatsCats,2026-01-12 00:00
ex9-AdvancedRegistration,2026-01-13 00:00
